Platform,FPS,Latency,Battery,LoadTime,Accuracy,UX_Score
Android,57.97371322408986,37.77952065324724,3.816660609723768,3.916493059217648,8.11347352124059,82.49347392320865
Android,52.893885590630525,67.22733821410725,4.051472818668946,4.962373988639467,6.924693618278563,85.251056615142
Android,59.18150830480554,44.83803330314479,3.3149320207951773,2.957536287347177,8.87733935338098,79.34501064880045
Android,66.1842388512642,32.3074688525292,3.2430347007354636,3.406805424082678,7.257941627715155,62.45502738038579
Android,52.12677300221331,54.870538945238266,4.850020657915358,3.3294702162414107,6.659984046034179,64.48820575336072
Android,52.126904344406555,30.349876200347733,5.284992022856659,2.0437820622414575,7.817222200201216,60.6957194687947
Android,66.63370252405913,47.50636314005706,4.142391902735733,4.155344332477491,7.555200811599462,79.69977359930793
Android,60.13947783322327,21.483958513442694,5.00282631831362,4.113266326615867,7.529650578356007,84.68389522403902
Android,50.24420491252038,29.061767413218835,4.489308820038108,3.806136147970953,8.241852290900452,76.2448624405645
Android,58.34048034868772,47.36233483042948,3.683904196315901,3.518495439949823,8.093102767805899,81.4053558496201
Android,50.2926584575003,53.86159895994493,4.489116484406732,2.1015551095395026,6.897215757953327,63.323589100206256
Android,50.27416197143795,47.05641937427965,5.430429253172775,3.295225612681569,6.90041805716333,73.4586185242831
Android,55.93569817252828,43.612220611341115,4.171339168712039,3.3887425801678766,8.633101457273268,58.30128943283703
Android,38.69375804273761,41.386755652928535,5.451714924651205,2.8372672769340572,7.3390297910487,64.28219250506741
Android,40.20065733989574,27.257736115590873,2.1042039167282045,3.606457146000789,6.349209574612661,80.78673548190896
Android,49.50169976607222,36.3618694992635,4.857522003500179,4.2848610281774455,8.725955678870239,69.6040549180619
Android,45.89735103732461,39.47233474848255,4.269637654590538,6.063423081452636,8.897110259952576,84.09381970686634
Android,56.51397866076219,57.68546671462699,3.9607941196273058,4.009493375398207,8.887086424265117,77.37960003691995
Android,46.735807395830314,49.12341947482154,4.273408621228402,4.109060468867317,7.779875545857624,99.34422159061741
Android,42.701570389317666,23.843518135647194,2.609944868319286,3.7106649010805994,8.642031646154289,72.93765430151947
Android,65.72519015137243,48.88900763273754,4.024262489729991,1.4974745416411501,8.08413996499505,57.93594732818451
Android,52.19378959610771,40.3790126350042,4.485690057209397,3.7681833494609394,8.161628714094613,71.65470343905191
Android,54.54022563750339,36.8769359963285,5.382315235793213,3.8722762519292315,8.89855418852708,62.369843739338734
Android,42.60201451029235,52.34011546609042,3.785383825381082,6.755890534982343,6.60642905965959,81.77180000813073
Android,49.64493820379854,57.371994269951415,3.55320511768545,3.569166842262653,6.0091970516166295,72.41980064470023
Android,54.88738071767893,56.175361429394385,3.798594365132371,4.161856810800335,8.101471542866031,70.62728182902184
Android,44.79205138062158,34.929389721328334,4.93232169416166,3.7583458763537076,7.663501769108056,70.7586761111834
Android,57.00558414676537,41.28945148978543,4.463000887727747,2.3975863548565615,6.005061583846219,79.40340817947738
Android,49.19489048064956,48.97516117684277,3.776191836986369,5.171387377418024,8.160808051417499,67.47537767655331
Android,51.666450001653786,56.70654152546831,4.610613946490685,4.702319639224129,6.548733789366586,79.77049794903608
iOS,61.06835675251948,28.825113990546694,3.478152676035027,2.1309197933372017,9.672518456077038,81.68933467248539
iOS,58.986787431091926,23.720355410853163,3.60656274214915,3.766790584969751,8.752374529437681,84.71931708972892
iOS,58.110930071182786,27.801819289801905,3.250918506184164,2.9121091076595826,9.791579043725848,87.86544539358803
iOS,58.730552023546565,25.32668629074968,3.760540394591796,2.5425834493838475,8.789618142794554,94.85213730169731
iOS,60.56516386054593,19.057517475097516,2.569267293545641,2.7635962840620607,8.091206103048691,91.14595773921212
iOS,59.63871830732665,29.78652270968317,3.8374863191007385,2.434901266861892,8.494420304702581,85.04036882021944
iOS,60.44511240790151,25.927340973050544,2.8077034387081388,2.2081403403685838,8.057558760016644,85.88590275258387
iOS,62.14440620845484,28.400993562704073,2.5880321066947483,2.624558956771432,9.549528882323736,79.98482381217315
iOS,59.846430584417696,23.534398631853886,3.0050432155173326,3.030994280311999,9.441530501373377,85.88892118404566
iOS,58.28659466291446,26.325913763026332,3.8488022721889217,2.2212821508130194,8.8877041827583,84.26804816647918
iOS,61.08613526329356,35.801900705664394,3.092223143640181,2.1266577010562324,8.350915012552079,87.93631136202853
iOS,59.57704128921945,28.642755000355407,2.7269633373755675,2.286706815450184,8.117067016427606,81.03661433868606
iOS,60.80867073649068,30.747881725313338,2.582023010208056,3.071206656308017,9.142991682052836,89.11607908544704
iOS,61.09929781614661,21.6456409656198,3.0579525981014344,3.3715301484774227,8.761510631717472,95.19643347801546
iOS,58.06148785535983,39.94517978696231,2.3020153713769402,2.7172083471654824,8.618218063316261,85.34743910925886
iOS,61.573006906257916,37.217068791602664,2.5799228633626243,2.8487884804214345,9.10112267612279,88.41027033259365
iOS,60.85768293993484,34.81717745475852,3.7172270607436335,2.1221794856409324,9.084106806114997,90.14086395026668
iOS,58.594143441273204,32.14382988802438,3.629305522860495,3.0260527899713954,8.70096913145912,83.59267716868499
iOS,59.95667367980628,28.07571639129932,3.048635141384117,2.8310422062790446,9.072763006364193,87.3445548908625
iOS,59.88581123647016,30.210370084333658,2.9137340914981813,2.07392322524351,9.821860059290357,86.07555440469076
iOS,59.53589772169875,33.24009871997476,3.1234035609227377,1.427397032840931,8.706242227156496,86.58605659129299
iOS,60.80787098321859,24.857151262621468,4.039198771380129,1.7676579374308874,9.0813487806419,81.3619412968672
iOS,61.65603449250029,25.777506278904088,3.2619902035082102,2.0984783630912722,8.084837714085191,86.14706104555366
iOS,59.51095955911095,19.654338204547344,3.4638952699839267,3.1971623906480646,9.986639578501176,88.9879897474727
iOS,61.496321991958126,24.140904611216225,3.0190169896673797,3.4317158655035955,8.37427079575612,94.70686164677025
iOS,60.98230391575617,36.30650865304077,3.124358642846864,2.2362892747154337,8.37064214706689,91.75562495651124
iOS,59.84844423726461,26.32876454424816,3.3588650787148175,2.2552507883372224,8.812799567257503,98.91909474506934
iOS,59.76427138307848,26.41076546744708,3.150437931129612,2.65697383358348,9.947248577383858,81.3959146226717
iOS,57.77115194250998,29.588835162185593,2.341049207004537,2.507287905443935,8.98600106382287,91.23392382032407
iOS,57.24884741018924,19.938863464127383,3.6122163046709854,3.0585604503844475,9.753378185258942,87.1000520344301
